{
  "total_files": 2000,
  "ai_files": 45,
  "human_files": 1955,
  "problems_count": 74,
  "loc_mean": 22.5835,
  "loc_std": 15.156810093027426,
  "loc_ai_mean": 13.133333333333333,
  "loc_human_mean": 22.801023017902814,
  "token_count_mean": 120.734,
  "token_count_std": 84.78471836501032,
  "token_count_ai_mean": 43.75555555555555,
  "token_count_human_mean": 122.50588235294117,
  "cyclomatic_complexity_mean": 3.47,
  "cyclomatic_complexity_std": 2.3716897892068673,
  "cyclomatic_complexity_ai_mean": 1.0666666666666667,
  "cyclomatic_complexity_human_mean": 3.5253196930946293,
  "functions_mean": 1.645,
  "functions_std": 1.1138201370278886,
  "functions_ai_mean": 1.2444444444444445,
  "functions_human_mean": 1.654219948849105,
  "comment_ratio_mean": 0.007413202629563341,
  "comment_ratio_std": 0.031219915535770828,
  "comment_ratio_ai_mean": 0.06308392162041897,
  "comment_ratio_human_mean": 0.006131779430285335,
  "blank_ratio_mean": 0.07067611005308867,
  "blank_ratio_std": 0.09074403806453597,
  "blank_ratio_ai_mean": 0.18938377235392687,
  "blank_ratio_human_mean": 0.06794370861905404,
  "ast_total_nodes_mean": 22.547,
  "ast_total_nodes_std": 14.531564753566409,
  "ast_total_nodes_ai_mean": 9.911111111111111,
  "ast_total_nodes_human_mean": 22.83785166240409,
  "ast_nodes_per_loc_mean": 1.0862062838862308,
  "ast_nodes_per_loc_std": 0.1136838313052148,
  "ast_nodes_per_loc_ai_mean": 1.100329134802819,
  "ast_nodes_per_loc_human_mean": 1.0858812054763858,
  "ast_max_depth_mean": 1.374,
  "ast_max_depth_std": 1.2461542642165584,
  "ast_max_depth_ai_mean": 1.1111111111111112,
  "ast_max_depth_human_mean": 1.3800511508951407,
  "ast_avg_depth_mean": 0.4716852538020462,
  "ast_avg_depth_std": 0.4583066552880997,
  "ast_avg_depth_ai_mean": 0.5639915282897738,
  "ast_avg_depth_human_mean": 0.46956055694682997,
  "ast_branching_factor_mean": 0.1655788482004851,
  "ast_branching_factor_std": 0.06826815450182258,
  "ast_branching_factor_ai_mean": 0.15211783992485745,
  "ast_branching_factor_human_mean": 0.16588869238074253,
  "ast_if_statements_mean": 1.1885,
  "ast_if_statements_std": 1.5212247737945246,
  "ast_if_statements_ai_mean": 0.022222222222222223,
  "ast_if_statements_human_mean": 1.2153452685421995,
  "ast_if_statements_per_loc_mean": 0.05023032925665366,
  "ast_if_statements_per_loc_std": 0.057175828200086015,
  "ast_if_statements_per_loc_ai_mean": 0.0018518518518518517,
  "ast_if_statements_per_loc_human_mean": 0.051343900347812776,
  "ast_for_loops_mean": 1.1175,
  "ast_for_loops_std": 1.587436211903783,
  "ast_for_loops_ai_mean": 0.0,
  "ast_for_loops_human_mean": 1.143222506393862,
  "ast_for_loops_per_loc_mean": 0.044626807997707865,
  "ast_for_loops_per_loc_std": 0.05805176540057677,
  "ast_for_loops_per_loc_ai_mean": 0.0,
  "ast_for_loops_per_loc_human_mean": 0.045654023527066864,
  "ast_while_loops_mean": 0.13,
  "ast_while_loops_std": 0.35660003055369394,
  "ast_while_loops_ai_mean": 0.0,
  "ast_while_loops_human_mean": 0.1329923273657289,
  "ast_while_loops_per_loc_mean": 0.005890574203157631,
  "ast_while_loops_per_loc_std": 0.016685337670296986,
  "ast_while_loops_per_loc_ai_mean": 0.0,
  "ast_while_loops_per_loc_human_mean": 0.006026162867680441,
  "ast_switch_statements_mean": 0.0005,
  "ast_switch_statements_std": 0.0223606797749979,
  "ast_switch_statements_ai_mean": 0.022222222222222223,
  "ast_switch_statements_human_mean": 0.0,
  "ast_switch_statements_per_loc_mean": 5.555555555555555e-05,
  "ast_switch_statements_per_loc_std": 0.0024845199749997664,
  "ast_switch_statements_per_loc_ai_mean": 0.0024691358024691358,
  "ast_switch_statements_per_loc_human_mean": 0.0,
  "ast_nested_control_depth_mean": 1.62,
  "ast_nested_control_depth_std": 1.3818664108330785,
  "ast_nested_control_depth_ai_mean": 0.022222222222222223,
  "ast_nested_control_depth_human_mean": 1.6567774936061381,
  "ast_function_count_mean": 1.646,
  "ast_function_count_std": 1.1114412493809165,
  "ast_function_count_ai_mean": 1.2444444444444445,
  "ast_function_count_human_mean": 1.6552429667519182,
  "ast_functions_per_loc_mean": 0.09057482682329339,
  "ast_functions_per_loc_std": 0.044411183439624066,
  "ast_functions_per_loc_ai_mean": 0.15234748682117102,
  "ast_functions_per_loc_human_mean": 0.08915294973894328,
  "ast_avg_function_length_mean": 12.18280238095238,
  "ast_avg_function_length_std": 7.331184899599119,
  "ast_avg_function_length_ai_mean": 6.4,
  "ast_avg_function_length_human_mean": 12.31591036414566,
  "ast_max_function_length_mean": 12.8425,
  "ast_max_function_length_std": 7.47861341287873,
  "ast_max_function_length_ai_mean": 6.777777777777778,
  "ast_max_function_length_human_mean": 12.982097186700766,
  "ast_recursive_functions_mean": 0.651,
  "ast_recursive_functions_std": 1.1076156401040487,
  "ast_recursive_functions_ai_mean": 0.24444444444444444,
  "ast_recursive_functions_human_mean": 0.6603580562659846,
  "ast_recursive_functions_ratio_mean": 0.2104952380952381,
  "ast_recursive_functions_ratio_std": 0.3017604241397723,
  "ast_recursive_functions_ratio_ai_mean": 0.12222222222222222,
  "ast_recursive_functions_ratio_human_mean": 0.21252709779563997,
  "ast_variable_count_mean": 6.614,
  "ast_variable_count_std": 6.061466380946419,
  "ast_variable_count_ai_mean": 2.3555555555555556,
  "ast_variable_count_human_mean": 6.712020460358056,
  "ast_variables_per_loc_mean": 0.3094738377126092,
  "ast_variables_per_loc_std": 0.17096095326900063,
  "ast_variables_per_loc_ai_mean": 0.2715358066235259,
  "ast_variables_per_loc_human_mean": 0.31034709162514573,
  "ast_unique_variable_names_mean": 4.258,
  "ast_unique_variable_names_std": 2.4810307851533078,
  "ast_unique_variable_names_ai_mean": 2.311111111111111,
  "ast_unique_variable_names_human_mean": 4.302813299232737,
  "ast_variable_uniqueness_ratio_mean": 0.8097887654971958,
  "ast_variable_uniqueness_ratio_std": 0.2365254157689889,
  "ast_variable_uniqueness_ratio_ai_mean": 0.9907407407407408,
  "ast_variable_uniqueness_ratio_human_mean": 0.8056236305171652,
  "ast_avg_variable_name_length_mean": 2.8239507574289173,
  "ast_avg_variable_name_length_std": 1.278749521632591,
  "ast_avg_variable_name_length_ai_mean": 3.8311111111111105,
  "ast_avg_variable_name_length_human_mean": 2.8007680382904523,
  "ast_camel_case_vars_mean": 0.6835,
  "ast_camel_case_vars_std": 3.036764514966493,
  "ast_camel_case_vars_ai_mean": 0.6666666666666666,
  "ast_camel_case_vars_human_mean": 0.6838874680306906,
  "ast_camel_case_ratio_mean": 0.07983464774860415,
  "ast_camel_case_ratio_std": 0.368495883410995,
  "ast_camel_case_ratio_ai_mean": 0.3422222222222222,
  "ast_camel_case_ratio_human_mean": 0.07379503605995306,
  "ast_snake_case_vars_mean": 0.7115,
  "ast_snake_case_vars_std": 4.296102419402849,
  "ast_snake_case_vars_ai_mean": 0.8222222222222222,
  "ast_snake_case_vars_human_mean": 0.7089514066496164,
  "ast_snake_case_ratio_mean": 0.09425898887778239,
  "ast_snake_case_ratio_std": 0.510403889902075,
  "ast_snake_case_ratio_ai_mean": 0.3044444444444444,
  "ast_snake_case_ratio_human_mean": 0.08942096048877993,
  "ast_single_char_vars_mean": 1.956,
  "ast_single_char_vars_std": 1.515655833724514,
  "ast_single_char_vars_ai_mean": 0.6222222222222222,
  "ast_single_char_vars_human_mean": 1.9867007672634271,
  "ast_single_char_vars_ratio_mean": 0.3396453859197555,
  "ast_single_char_vars_ratio_std": 0.2400689855740071,
  "ast_single_char_vars_ratio_ai_mean": 0.2114814814814815,
  "ast_single_char_vars_ratio_human_mean": 0.34259545021628873,
  "ast_hungarian_notation_mean": 0.2555,
  "ast_hungarian_notation_std": 1.6542635956890337,
  "ast_hungarian_notation_ai_mean": 0.17777777777777778,
  "ast_hungarian_notation_human_mean": 0.2572890025575448,
  "ast_hungarian_notation_ratio_mean": 0.03476458950835886,
  "ast_hungarian_notation_ratio_std": 0.2634179536029422,
  "ast_hungarian_notation_ratio_ai_mean": 0.10518518518518519,
  "ast_hungarian_notation_ratio_human_mean": 0.03314365508101503,