{
  "total_files": 2000,
  "ai_files": 41,
  "human_files": 1959,
  "problems_count": 76,
  "loc_mean": 22.8835,
  "loc_std": 14.032689904040904,
  "loc_ai_mean": 12.487804878048781,
  "loc_human_mean": 23.101071975497703,
  "token_count_mean": 122.046,
  "token_count_std": 81.30169042789466,
  "token_count_ai_mean": 42.97560975609756,
  "token_count_human_mean": 123.70086778968862,
  "cyclomatic_complexity_mean": 3.4765,
  "cyclomatic_complexity_std": 2.3471690077997343,
  "cyclomatic_complexity_ai_mean": 1.1219512195121952,
  "cyclomatic_complexity_human_mean": 3.5257784583971414,
  "functions_mean": 1.651,
  "functions_std": 1.120636833883631,
  "functions_ai_mean": 1.1951219512195121,
  "functions_human_mean": 1.6605410923940787,
  "comment_ratio_mean": 0.00797159879629478,
  "comment_ratio_std": 0.03161356373322419,
  "comment_ratio_ai_mean": 0.06285545281122107,
  "comment_ratio_human_mean": 0.006822932122169216,
  "blank_ratio_mean": 0.07036309753001976,
  "blank_ratio_std": 0.09010892817082942,
  "blank_ratio_ai_mean": 0.18642032032945688,
  "blank_ratio_human_mean": 0.0679341306414149,
  "ast_total_nodes_mean": 22.8455,
  "ast_total_nodes_std": 14.170922244816472,
  "ast_total_nodes_ai_mean": 9.902439024390244,
  "ast_total_nodes_human_mean": 23.116385911179172,
  "ast_nodes_per_loc_mean": 1.087327329873317,
  "ast_nodes_per_loc_std": 0.11255991440795637,
  "ast_nodes_per_loc_ai_mean": 1.1100352222303442,
  "ast_nodes_per_loc_human_mean": 1.0868520753625266,
  "ast_max_depth_mean": 1.3535,
  "ast_max_depth_std": 1.2321919081252013,
  "ast_max_depth_ai_mean": 1.0731707317073171,
  "ast_max_depth_human_mean": 1.3593670239918325,
  "ast_avg_depth_mean": 0.4698128401505563,
  "ast_avg_depth_std": 0.4595679585908393,
  "ast_avg_depth_ai_mean": 0.5611913831426025,
  "ast_avg_depth_human_mean": 0.4679003744728259,
  "ast_branching_factor_mean": 0.16550167753774442,
  "ast_branching_factor_std": 0.06840214741445001,
  "ast_branching_factor_ai_mean": 0.1455315687023004,
  "ast_branching_factor_human_mean": 0.16591963285283032,
  "ast_if_statements_mean": 1.1905,
  "ast_if_statements_std": 1.5262288285898054,
  "ast_if_statements_ai_mean": 0.07317073170731707,
  "ast_if_statements_human_mean": 1.2138846350178663,
  "ast_if_statements_per_loc_mean": 0.04926589067283422,
  "ast_if_statements_per_loc_std": 0.05667173216689189,
  "ast_if_statements_per_loc_ai_mean": 0.008314855875831487,
  "ast_if_statements_per_loc_human_mean": 0.050122956740561185,
  "ast_for_loops_mean": 1.1365,
  "ast_for_loops_std": 1.5893806389306824,
  "ast_for_loops_ai_mean": 0.0,
  "ast_for_loops_human_mean": 1.1602858601327208,
  "ast_for_loops_per_loc_mean": 0.045183454855533,
  "ast_for_loops_per_loc_std": 0.05787254737757688,
  "ast_for_loops_per_loc_ai_mean": 0.0,
  "ast_for_loops_per_loc_human_mean": 0.046129101434949464,
  "ast_while_loops_mean": 0.1185,
  "ast_while_loops_std": 0.3584996666741864,
  "ast_while_loops_ai_mean": 0.0,
  "ast_while_loops_human_mean": 0.12098009188361408,
  "ast_while_loops_per_loc_mean": 0.005484236404664555,
  "ast_while_loops_per_loc_std": 0.016738893705882846,
  "ast_while_loops_per_loc_ai_mean": 0.0,
  "ast_while_loops_per_loc_human_mean": 0.005599016237534002,
  "ast_switch_statements_mean": 0.0005,
  "ast_switch_statements_std": 0.0223606797749979,
  "ast_switch_statements_ai_mean": 0.024390243902439025,
  "ast_switch_statements_human_mean": 0.0,
  "ast_switch_statements_per_loc_mean": 5.555555555555555e-05,
  "ast_switch_statements_per_loc_std": 0.0024845199749997664,
  "ast_switch_statements_per_loc_ai_mean": 0.0027100271002710027,
  "ast_switch_statements_per_loc_human_mean": 0.0,
  "ast_nested_control_depth_mean": 1.6065,
  "ast_nested_control_depth_std": 1.4020130421237682,
  "ast_nested_control_depth_ai_mean": 0.07317073170731707,
  "ast_nested_control_depth_human_mean": 1.6385911179173047,
  "ast_function_count_mean": 1.65,
  "ast_function_count_std": 1.1154021969812122,
  "ast_function_count_ai_mean": 1.1951219512195121,
  "ast_function_count_human_mean": 1.6595201633486472,
  "ast_functions_per_loc_mean": 0.08895525384131546,
  "ast_functions_per_loc_std": 0.043176742559791585,
  "ast_functions_per_loc_ai_mean": 0.14428687843321988,
  "ast_functions_per_loc_human_mean": 0.08779721575644149,
  "ast_avg_function_length_mean": 12.164316666666668,
  "ast_avg_function_length_std": 7.197936618762928,
  "ast_avg_function_length_ai_mean": 6.2682926829268295,
  "ast_avg_function_length_human_mean": 12.287714820486642,
  "ast_max_function_length_mean": 12.93,
  "ast_max_function_length_std": 7.4536486662050025,
  "ast_max_function_length_ai_mean": 6.7073170731707314,
  "ast_max_function_length_human_mean": 13.060234813680449,
  "ast_recursive_functions_mean": 0.6595,
  "ast_recursive_functions_std": 1.0991650612696702,
  "ast_recursive_functions_ai_mean": 0.21951219512195122,
  "ast_recursive_functions_human_mean": 0.6687085247575294,
  "ast_recursive_functions_ratio_mean": 0.21384999999999996,
  "ast_recursive_functions_ratio_std": 0.3059779219884536,
  "ast_recursive_functions_ratio_ai_mean": 0.10975609756097561,
  "ast_recursive_functions_ratio_human_mean": 0.21602858601327207,
  "ast_variable_count_mean": 6.6255,
  "ast_variable_count_std": 6.010766540733686,
  "ast_variable_count_ai_mean": 2.6097560975609757,
  "ast_variable_count_human_mean": 6.709545686574783,
  "ast_variables_per_loc_mean": 0.3053023658218096,
  "ast_variables_per_loc_std": 0.16638325328008535,
  "ast_variables_per_loc_ai_mean": 0.28859690445056296,
  "ast_variables_per_loc_human_mean": 0.3056519951817999,
  "ast_unique_variable_names_mean": 4.2985,
  "ast_unique_variable_names_std": 2.54197336026209,
  "ast_unique_variable_names_ai_mean": 2.5365853658536586,
  "ast_unique_variable_names_human_mean": 4.335375191424196,
  "ast_variable_uniqueness_ratio_mean": 0.8120432117630557,
  "ast_variable_uniqueness_ratio_std": 0.23592065284990624,
  "ast_variable_uniqueness_ratio_ai_mean": 0.9837398373983739,
  "ast_variable_uniqueness_ratio_human_mean": 0.8084497652847261,
  "ast_avg_variable_name_length_mean": 2.82851022935957,
  "ast_avg_variable_name_length_std": 1.2127586298235606,
  "ast_avg_variable_name_length_ai_mean": 3.6849593495934956,
  "ast_avg_variable_name_length_human_mean": 2.810585566812561,
  "ast_camel_case_vars_mean": 0.7155,
  "ast_camel_case_vars_std": 3.1254510029731697,
  "ast_camel_case_vars_ai_mean": 0.5365853658536586,
  "ast_camel_case_vars_human_mean": 0.7192445125063808,
  "ast_camel_case_ratio_mean": 0.07668113583478757,
  "ast_camel_case_ratio_std": 0.3503098557644369,
  "ast_camel_case_ratio_ai_mean": 0.16260162601626016,
  "ast_camel_case_ratio_human_mean": 0.07488290199229633,
  "ast_snake_case_vars_mean": 0.751,
  "ast_snake_case_vars_std": 2.997247194572494,
  "ast_snake_case_vars_ai_mean": 0.24390243902439024,
  "ast_snake_case_vars_human_mean": 0.7616130678917815,
  "ast_snake_case_ratio_mean": 0.10524086443574324,
  "ast_snake_case_ratio_std": 0.46150677622513586,
  "ast_snake_case_ratio_ai_mean": 0.06910569105691057,
  "ast_snake_case_ratio_human_mean": 0.10599713912105825,
  "ast_single_char_vars_mean": 1.929,
  "ast_single_char_vars_std": 1.5284394209558212,
  "ast_single_char_vars_ai_mean": 0.6585365853658537,
  "ast_single_char_vars_human_mean": 1.9555895865237365,
  "ast_single_char_vars_ratio_mean": 0.3364325070407216,
  "ast_single_char_vars_ratio_std": 0.23878666465389622,
  "ast_single_char_vars_ratio_ai_mean": 0.22154471544715446,
  "ast_single_char_vars_ratio_human_mean": 0.33883699885049,
  "ast_hungarian_notation_mean": 0.2665,
  "ast_hungarian_notation_std": 1.632118149775749,
  "ast_hungarian_notation_ai_mean": 0.1951219512195122,
  "ast_hungarian_notation_human_mean": 0.2679938744257274,
  "ast_hungarian_notation_ratio_mean": 0.036426215062457315,
  "ast_hungarian_notation_ratio_std": 0.26900229938409503,
  "ast_hungarian_notation_ratio_ai_mean": 0.08943089430894309,