{
  "feature_weights": {
    "ai_naming_verb_function_ratio": 0.09310703868148208,
    "ai_comment_ratio": 0.08968851175949666,
    "ai_ast_switch_statements_per_loc": 0.060964846659304885,
    "ai_ast_switch_statements": 0.06096484665930485,
    "ai_blank_ratio": 0.04915507854840298,
    "ai_ast_functions_per_loc": 0.048788790881837706,
    "ai_complexity_maintainability_index": 0.046667238452800686,
    "human_naming_generic_var_ratio": 0.04630984291356593,
    "ai_naming_meaningful_names_score": 0.045935042529793885,
    "ai_ast_string_literals_per_loc": 0.045436318669429404,
    "ai_naming_descriptive_var_ratio": 0.04393929539511212,
    "human_ast_nested_control_depth": 0.0436436908808955,
    "human_complexity_code_to_comment_ratio": 0.04340514041987828,
    "ai_ast_avg_variable_name_length": 0.042587038947219095,
    "human_cyclomatic_complexity": 0.03940727860147605
  },
  "thresholds": {
    "ai_threshold": 0.55,
    "human_threshold": 0.45,
    "uncertain_range": 0.1
  },
  "feature_stats": {
    "loc": {
      "ai_mean": 12.862068965517242,
      "human_mean": 22.65804160324708,
      "ai_std": 6.583117682651991,
      "human_std": 13.130650005378657,
      "cohens_d": 0.7499832641556196,
      "ai_higher": false
    },
    "token_count": {
      "ai_mean": 44.48275862068966,
      "human_mean": 123.67935058346018,
      "ai_std": 16.2977226490942,
      "human_std": 80.68561961699903,
      "cohens_d": 0.9882096631320989,
      "ai_higher": false
    },
    "cyclomatic_complexity": {
      "ai_mean": 1.1379310344827587,
      "human_mean": 3.5550481988838154,
      "ai_std": 0.4411136823860458,
      "human_std": 2.4001667952214922,
      "cohens_d": 1.0139503414692275,
      "ai_higher": false
    },
    "functions": {
      "ai_mean": 1.1724137931034482,
      "human_mean": 1.6747843734145105,
      "ai_std": 0.38442587221924474,
      "human_std": 1.1467315688708608,
      "cohens_d": 0.44083947915000865,
      "ai_higher": false
    },
    "comment_ratio": {
      "ai_mean": 0.0666891423169534,
      "human_mean": 0.005108274975819359,
      "ai_std": 0.09629521211858302,
      "human_std": 0.024298553668046553,
      "cohens_d": 2.3076878270148344,
      "ai_higher": true
    },
    "blank_ratio": {
      "ai_mean": 0.17478756459266204,
      "human_mean": 0.06489322877983839,
      "ai_std": 0.07741115032728464,
      "human_std": 0.08701664985363676,
      "cohens_d": 1.2647614970609273,
      "ai_higher": true
    },
    "ast_total_nodes": {
      "ai_mean": 10.137931034482758,
      "human_mean": 22.898021308980212,
      "ai_std": 3.7390233439365503,
      "human_std": 13.834087640837325,
      "cohens_d": 0.9284157818268666,
      "ai_higher": false
    },
    "ast_nodes_per_loc": {
      "ai_mean": 1.1203201315724003,
      "human_mean": 1.0847549379873915,
      "ai_std": 0.09452778156572472,
      "human_std": 0.11325589849038074,
      "cohens_d": 0.3146947703471731,
      "ai_higher": true
    },
    "ast_max_depth": {
      "ai_mean": 1.103448275862069,
      "human_mean": 1.3764586504312533,
      "ai_std": 0.5570860145311556,
      "human_std": 1.2505161739090491,
      "cohens_d": 0.21955474142295614,
      "ai_higher": false
    },
    "ast_avg_depth": {
      "ai_mean": 0.58076238139759,
      "human_mean": 0.4670824441267071,
      "ai_std": 0.2194955689548512,
      "human_std": 0.45665330796190046,
      "cohens_d": 0.2502937222986737,
      "ai_higher": true
    },
    "ast_branching_factor": {
      "ai_mean": 0.1419145333392157,
      "human_mean": 0.16351856019291025,
      "ai_std": 0.058374888651412854,
      "human_std": 0.068702262799518,
      "cohens_d": 0.31507318288101555,
      "ai_higher": false
    },
    "ast_if_statements": {
      "ai_mean": 0.034482758620689655,
      "human_mean": 1.2222222222222223,
      "ai_std": 0.18569533817705192,
      "human_std": 1.5013812027844393,
      "cohens_d": 0.7966134463740641,
      "ai_higher": false
    },
    "ast_if_statements_per_loc": {
      "ai_mean": 0.004310344827586207,
      "human_mean": 0.05154944824510276,
      "ai_std": 0.02321191727213149,
      "human_std": 0.0580937892840891,
      "cohens_d": 0.8179832271038942,
      "ai_higher": false
    },
    "ast_for_loops": {
      "ai_mean": 0.034482758620689655,
      "human_mean": 1.1603247082699137,
      "ai_std": 0.1856953381770519,
      "human_std": 1.6170627932310284,
      "cohens_d": 0.701091133603885,
      "ai_higher": false
    },
    "ast_for_loops_per_loc": {
      "ai_mean": 0.004926108374384234,
      "human_mean": 0.04588504548882404,
      "ai_std": 0.02652790545386454,
      "human_std": 0.05887544566608097,
      "cohens_d": 0.6996058164054183,
      "ai_higher": false
    },
    "ast_while_loops": {
      "ai_mean": 0.0,
      "human_mean": 0.13444951801116184,
      "ai_std": 0.0,
      "human_std": 0.36977896932608123,
      "cohens_d": 0.36616908170623186,
      "ai_higher": false
    },
    "ast_while_loops_per_loc": {
      "ai_mean": 0.0,
      "human_mean": 0.006289217019489004,
      "ai_std": 0.0,
      "human_std": 0.017498614576988418,
      "cohens_d": 0.3619574703524544,
      "ai_higher": false
    },
    "ast_switch_statements": {
      "ai_mean": 0.034482758620689655,
      "human_mean": 0.0,
      "ai_std": 0.18569533817705192,
      "human_std": 0.0,
      "cohens_d": 1.5686271491354866,
      "ai_higher": true
    },
    "ast_switch_statements_per_loc": {
      "ai_mean": 0.0038314176245210726,
      "human_mean": 0.0,
      "ai_std": 0.02063281535300576,
      "human_std": 0.0,
      "cohens_d": 1.5686271491354875,
      "ai_higher": true
    },
    "ast_nested_control_depth": {
      "ai_mean": 0.06896551724137931,
      "human_mean": 1.6940639269406392,
      "ai_std": 0.25788071477756375,
      "human_std": 1.457088493239016,
      "cohens_d": 1.1229533437004162,
      "ai_higher": false
    },
    "ast_function_count": {
      "ai_mean": 1.1724137931034482,
      "human_mean": 1.67376966007103,
      "ai_std": 0.38442587221924474,
      "human_std": 1.1428954882973297,
      "cohens_d": 0.4414233530599119,
      "ai_higher": false
    },
    "ast_functions_per_loc": {
      "ai_mean": 0.14330739335276538,
      "human_mean": 0.0887169092395158,
      "ai_std": 0.05791461065309046,
      "human_std": 0.04324697417763488,
      "cohens_d": 1.2553369055192034,
      "ai_higher": true
    },
    "ast_avg_function_length": {
      "ai_mean": 6.827586206896552,
      "human_mean": 12.139658379841029,
      "ai_std": 2.9948642411067814,
      "human_std": 7.202549253885101,
      "cohens_d": 0.741838551373335,
      "ai_higher": false
    },
    "ast_max_function_length": {
      "ai_mean": 7.103448275862069,
      "human_mean": 12.859969558599696,
      "ai_std": 2.956165803225123,
      "human_std": 7.39190638462588,
      "cohens_d": 0.78338495723992,
      "ai_higher": false
    },
    "ast_recursive_functions": {
      "ai_mean": 0.1724137931034483,
      "human_mean": 0.6808726534753932,
      "ai_std": 0.3844258722192447,
      "human_std": 1.1229649159953112,
      "cohens_d": 0.4556096030814871,
      "ai_higher": false
    },
    "ast_recursive_functions_ratio": {
      "ai_mean": 0.08620689655172414,
      "human_mean": 0.2169964485032978,
      "ai_std": 0.19221293610962234,
      "human_std": 0.30660390466936793,
      "cohens_d": 0.428400913521223,
      "ai_higher": false
    },
    "ast_variable_count": {
      "ai_mean": 2.4827586206896552,
      "human_mean": 6.834094368340944,
      "ai_std": 1.3261299671054765,
      "human_std": 6.399664841257721,
      "cohens_d": 0.6845379139299352,
      "ai_higher": false
    },
    "ast_variables_per_loc": {
      "ai_mean": 0.2866943351063133,
      "human_mean": 0.30979792694384334,
      "ai_std": 0.13112007459939884,
      "human_std": 0.17365112193181784,
      "cohens_d": 0.13344858340591667,
      "ai_higher": false
    },