{
  "feature_weights": {
    "ai_comment_ratio": 0.09649414282207365,
    "ai_ast_string_literals_per_loc": 0.06729294104095551,
    "ai_blank_ratio": 0.06045505584296001,
    "ai_complexity_maintainability_index": 0.055362993042349,
    "human_ast_nested_control_depth": 0.05382541810080456,
    "human_cyclomatic_complexity": 0.05080032541263896,
    "human_naming_generic_var_ratio": 0.04888789908638971,
    "human_redundancy_duplicate_line_ratio": 0.047194772442751616,
    "human_token_count": 0.046803936333166735,
    "ai_naming_meaningful_names_score": 0.04662838010128617,
    "ai_naming_descriptive_var_ratio": 0.04659339013671389,
    "ai_ai_pattern_defensive_programming_score": 0.04645767663778476,
    "human_ast_single_char_vars": 0.045123269895743376,
    "human_complexity_code_to_comment_ratio": 0.04454753592184533,
    "human_ast_total_nodes": 0.04353226318253667
  },
  "thresholds": {
    "ai_threshold": 0.55,
    "human_threshold": 0.45,
    "uncertain_range": 0.1
  },
  "feature_stats": {
    "loc": {
      "ai_mean": 12.933333333333334,
      "human_mean": 22.696954314720813,
      "ai_std": 5.76513500355329,
      "human_std": 13.213719299181681,
      "cohens_d": 0.7432805524071815,
      "ai_higher": false
    },
    "token_count": {
      "ai_mean": 45.56666666666667,
      "human_mean": 123.74111675126903,
      "ai_std": 14.104739563739543,
      "human_std": 79.14426775906074,
      "cohens_d": 0.9947608839722738,
      "ai_higher": false
    },
    "cyclomatic_complexity": {
      "ai_mean": 1.1,
      "human_mean": 3.5796954314720812,
      "ai_std": 0.3051285766293647,
      "human_std": 2.3132084592523805,
      "cohens_d": 1.0796992854155687,
      "ai_higher": false
    },
    "functions": {
      "ai_mean": 1.0666666666666667,
      "human_mean": 1.665989847715736,
      "ai_std": 0.2537081317024624,
      "human_std": 1.1398460508787525,
      "cohens_d": 0.5294578260461863,
      "ai_higher": false
    },
    "comment_ratio": {
      "ai_mean": 0.056254553204681076,
      "human_mean": 0.004982034869690303,
      "ai_std": 0.09042933157617122,
      "human_std": 0.022666862407454788,
      "cohens_d": 2.050865938466212,
      "ai_higher": true
    },
    "blank_ratio": {
      "ai_mean": 0.1840947833307168,
      "human_mean": 0.06804569300489711,
      "ai_std": 0.08112015330340744,
      "human_std": 0.0904461593477342,
      "cohens_d": 1.2848988675407664,
      "ai_higher": true
    },
    "ast_total_nodes": {
      "ai_mean": 10.233333333333333,
      "human_mean": 22.865482233502537,
      "ai_std": 3.0702502799623996,
      "human_std": 13.74817690101173,
      "cohens_d": 0.9252254403672269,
      "ai_higher": false
    },
    "ast_nodes_per_loc": {
      "ai_mean": 1.1141325341325339,
      "human_mean": 1.0878599703343284,
      "ai_std": 0.07936841437190334,
      "human_std": 0.11166727939798723,
      "cohens_d": 0.23612486583641892,
      "ai_higher": true
    },
    "ast_max_depth": {
      "ai_mean": 1.1333333333333333,
      "human_mean": 1.3593908629441624,
      "ai_std": 0.34574590364176044,
      "human_std": 1.2346675240276384,
      "cohens_d": 0.1843287954053867,
      "ai_higher": false
    },
    "ast_avg_depth": {
      "ai_mean": 0.6266880341880342,
      "human_mean": 0.4648599912000936,
      "ai_std": 0.1279215442046224,
      "human_std": 0.45025282130624794,
      "cohens_d": 0.3618380391435924,
      "ai_higher": true
    },
    "ast_branching_factor": {
      "ai_mean": 0.13134707884707883,
      "human_mean": 0.1651406411728111,
      "ai_std": 0.04932989720511715,
      "human_std": 0.06746415745491384,
      "cohens_d": 0.5026116091994951,
      "ai_higher": false
    },
    "ast_if_statements": {
      "ai_mean": 0.1,
      "human_mean": 1.2451776649746193,
      "ai_std": 0.30512857662936466,
      "human_std": 1.5030997576917544,
      "cohens_d": 0.7672346245240153,
      "ai_higher": false
    },
    "ast_if_statements_per_loc": {
      "ai_mean": 0.010277777777777776,
      "human_mean": 0.05402211458523018,
      "ai_std": 0.03184036852312452,
      "human_std": 0.059649873240013966,
      "cohens_d": 0.7371872907256242,
      "ai_higher": false
    },
    "ast_for_loops": {
      "ai_mean": 0.0,
      "human_mean": 1.1817258883248731,
      "ai_std": 0.0,
      "human_std": 1.6120644272524738,
      "cohens_d": 0.7384298412915548,
      "ai_higher": false
    },
    "ast_for_loops_per_loc": {
      "ai_mean": 0.0,
      "human_mean": 0.047590179381754576,
      "ai_std": 0.0,
      "human_std": 0.05927625661654573,
      "cohens_d": 0.8087447159633939,
      "ai_higher": false
    },
    "ast_while_loops": {
      "ai_mean": 0.0,
      "human_mean": 0.12030456852791878,
      "ai_std": 0.0,
      "human_std": 0.3436190572498466,
      "cohens_d": 0.35267913078123425,
      "ai_higher": false
    },
    "ast_while_loops_per_loc": {
      "ai_mean": 0.0,
      "human_mean": 0.005702544628376285,
      "ai_std": 0.0,
      "human_std": 0.016783446470220006,
      "cohens_d": 0.34226495146699454,
      "ai_higher": false
    },
    "ast_nested_control_depth": {
      "ai_mean": 0.1,
      "human_mean": 1.7284263959390862,
      "ai_std": 0.30512857662936466,
      "human_std": 1.4334231548985084,
      "cohens_d": 1.1439939604436864,
      "ai_higher": false
    },
    "ast_function_count": {
      "ai_mean": 1.0666666666666667,
      "human_mean": 1.665482233502538,
      "ai_std": 0.2537081317024624,
      "human_std": 1.1367968846150927,
      "cohens_d": 0.5304272796485805,
      "ai_higher": false
    },
    "ast_functions_per_loc": {
      "ai_mean": 0.12577478077478077,
      "human_mean": 0.08802228096131957,
      "ai_std": 0.0411818858884842,
      "human_std": 0.04146790186718688,
      "cohens_d": 0.9104937813242997,
      "ai_higher": true
    },
    "ast_avg_function_length": {
      "ai_mean": 7.55,
      "human_mean": 12.22665820642978,
      "ai_std": 2.554070449707479,
      "human_std": 7.162511590709321,
      "cohens_d": 0.6571112272767465,
      "ai_higher": false
    },
    "ast_max_function_length": {
      "ai_mean": 7.633333333333334,
      "human_mean": 12.928426395939086,
      "ai_std": 2.4842029642958106,
      "human_std": 7.266909777581115,
      "cohens_d": 0.7333736204152879,
      "ai_higher": false
    },
    "ast_recursive_functions": {
      "ai_mean": 0.06666666666666667,
      "human_mean": 0.6710659898477157,
      "ai_std": 0.2537081317024624,
      "human_std": 1.1215717498930289,
      "cohens_d": 0.5426354982231463,
      "ai_higher": false
    },
    "ast_recursive_functions_ratio": {
      "ai_mean": 0.03333333333333333,
      "human_mean": 0.21484771573604058,
      "ai_std": 0.1268540658512312,
      "human_std": 0.30333193238769685,
      "cohens_d": 0.6020175741240381,
      "ai_higher": false
    },
    "ast_variable_count": {
      "ai_mean": 2.433333333333333,
      "human_mean": 6.738578680203045,
      "ai_std": 1.0400044208570938,
      "human_std": 6.08741001584566,
      "cohens_d": 0.7122736954331108,
      "ai_higher": false
    },
    "ast_variables_per_loc": {
      "ai_mean": 0.2693661893661894,
      "human_mean": 0.31029934361155603,
      "ai_std": 0.09984037082495428,
      "human_std": 0.17056562866398295,
      "cohens_d": 0.24113792560737457,
      "ai_higher": false
    },
    "ast_unique_variable_names": {
      "ai_mean": 2.4,
      "human_mean": 4.356345177664974,
      "ai_std": 1.0034423509719619,
      "human_std": 2.516158616317311,
      "cohens_d": 0.7823017502918311,
      "ai_higher": false
    },
    "ast_variable_uniqueness_ratio": {
      "ai_mean": 0.9916666666666667,
      "human_mean": 0.8070769283811416,
      "ai_std": 0.04564354645876383,
      "human_std": 0.23208134231833932,
      "cohens_d": 0.8009742254366905,
      "ai_higher": true
    },
    "ast_avg_variable_name_length": {
      "ai_mean": 3.6166666666666667,
      "human_mean": 2.7711970403540036,